Supplier ID,Supplier Name,Reliability,Confidence,Predicted Score,Future Trend,Reasoning
SUP009,Prime Electronics Corp,Low,20.0,20.0,stable,"Despite the appearance of high on-time percentage (98%) and a low defect rate (0%), the data indicates that Prime Electronics Corp has not processed any orders (Total Orders: 0), has a quality score of 0/10, and has been active for 0 years. The reliability score of 0.95 is likely a default or unsubstantiated value, as there is no operational history to support it. Contract compliance is also 0%, further indicating a lack of engagement or performance. Without any historical data, it is impossible to assess consistency, quality trends, or operational reliability. The absence of real performance data presents a high risk for future reliability."
SUP010,Reliable Manufacturing Inc,Low,20.0,20.0,stable,"Despite the supplier's name and a reported on-time percentage of 95% and a reliability score of 0.91, the historical data is inconsistent and incomplete. The total orders, years active, quality score, defect rate, and contract compliance are all reported as zero, which suggests either a lack of operational history or missing data. The quality score of 0/10 and contract compliance of 0% are particularly concerning, as they indicate either no performance or poor performance. Without a track record of completed orders or demonstrated compliance, it is not possible to reliably predict strong future performance. The available metrics do not support a positive assessment of reliability."
SUP011,Precision Auto Components,Low,20.0,20.0,stable,"Despite a reported on-time percentage of 94% and a defect rate of 0%, the supplier has a quality score of 0/10, a reliability score of 0.89, and contract compliance of 0%. Critically, the supplier has zero total orders and zero years active, indicating a lack of operational history. The absence of actual order fulfillment and contract compliance data makes it impossible to validate the reported performance metrics. The low quality score and no track record suggest high uncertainty and risk regarding future reliability."
SUP012,Professional Tools Ltd,Low,20.0,20.0,stable,"Despite an on-time percentage of 96% and a reported defect rate of 0%, the supplier has a quality score of 0/10, a reliability score of 0.92, and zero total orders and years active. The contract compliance is also 0%. The lack of historical order data and operational history makes it impossible to validate the reported performance metrics. The zero values for quality and compliance are significant red flags, suggesting either missing data or a lack of actual performance. Without a track record, there is high uncertainty regarding the supplier's future reliability."
SUP013,Advanced Electronics Group,Low,20.0,20.0,stable,"Despite the presence of high on-time percentage (99%) and a strong reliability score (0.97), the supplier has no historical operational data: total orders are 0, defect rate is 0% (but with no orders, this is not meaningful), quality score is 0/10, years active is 0, and contract compliance is 0%. These metrics indicate that the supplier has not yet been engaged in any real transactions or deliveries. As a result, there is no evidence of consistency, quality trends, or operational performance. The high scores may be default or projected values rather than based on actual performance. Therefore, the future reliability of this supplier cannot be confidently predicted as high or even medium until real data is available."
SUP014,Quality Manufacturing Co,Low,20.0,20.0,declining,"Despite a reported on-time percentage of 94% and a reliability score of 0.9, the supplier has no historical orders, zero years active, and a quality score of 0/10. The defect rate is 0%, but with no orders processed, this metric is not meaningful. Contract compliance is also 0%, indicating no proven track record of meeting contractual obligations. The lack of operational history and performance data introduces significant uncertainty and risk. The high on-time and reliability scores may be theoretical or untested, and the quality score suggests major concerns. Overall, there is insufficient evidence to support a positive reliability assessment."
SUP015,Deluxe Auto Solutions,Low,20.0,20.0,declining,"Despite an on-time percentage of 93% and a reported defect rate of 0%, the supplier has a quality score of 0/10, a reliability score of 0.88, and zero total orders and years active. The lack of operational history and contract compliance (0%) raises significant concerns about the accuracy and relevance of the reported performance metrics. The absence of historical data makes it impossible to assess consistency or quality trends. The reliability score may be artificially inflated due to the lack of actual transactions. Overall, the supplier's future reliability is highly uncertain and likely to be low until more data is available."
SUP016,Expert Tool Corporation,Low,30.0,25.0,stable,"Despite a reported on-time percentage of 92% and a defect rate of 0%, the supplier has a quality score of 0/10, a reliability score of 0.87, and—most critically—shows zero total orders and zero years active. This suggests either a lack of operational history or incomplete data. The contract compliance is also 0%, indicating no demonstrated adherence to contractual obligations. The absence of historical order data makes it impossible to verify the accuracy of the reported performance metrics. Without a proven track record, it is not possible to confidently predict reliable future performance."
SUP017,Innovation Electronics Inc,Low,20.0,20.0,stable,"Despite high on-time percentage (97%) and a low defect rate (0%), the supplier has no historical order data (Total Orders: 0), a quality score of 0/10, and 0% contract compliance. The reliability score of 0.95 appears inconsistent with the lack of operational history and quality metrics. The supplier is newly onboarded (Years Active: 0), so there is insufficient data to assess consistency or quality trends. The absence of actual performance history and contract compliance are significant concerns, making it difficult to predict future reliability with confidence."
SUP018,Excellence Manufacturing Group,Low,20.0,20.0,stable,"Despite an impressive on-time percentage (96%) and a low defect rate (0%), the supplier's historical data is insufficient for a reliable assessment. The total orders and years active are both zero, indicating no operational history. The quality score and contract compliance are also at zero, which raises concerns about their ability to meet quality standards and contractual obligations. The reliability score of 0.93 appears inconsistent with other metrics, likely due to lack of real data. Without a track record, it's difficult to predict future reliability with confidence."
SUP019,Premier Auto Components,Low,20.0,20.0,stable,"Despite a reported on-time percentage of 95% and a reliability score of 0.91, the supplier has zero total orders, zero years active, a quality score of 0/10, and a defect rate of 0%. The lack of operational history and contract compliance (0%) indicates that these performance metrics may be placeholders or unsubstantiated. There is no evidence of consistency, quality trends, or actual deliveries. The absence of real data makes it impossible to reliably predict future performance, and the zero quality score is a significant red flag."
SUP020,Expert Tool Solutions,Low,20.0,20.0,stable,"Despite a reported on-time percentage of 94% and a low defect rate, the supplier has a quality score of 0/10, a reliability score below industry average (0.89), and no recorded order history (Total Orders: 0). The contract compliance is also 0%, and the supplier has no operational history (Years Active: 0). These inconsistencies suggest either missing or unreliable data, or that the supplier is new and untested. The lack of historical performance and compliance data makes it difficult to trust the reported metrics, and the zero quality score is a significant concern."